시리얼,위도,경도
V02Q1940612,37.57807617,126.8951928
V02Q1940068,37.4913371,126.9923309
V02Q1940955,37.50458059,126.9945012
V02Q1940954,37.508671,127.0227914
V02Q1940953,37.48903041,127.0678834
V02Q1940952,37.48870857,126.9786333
V02Q1940951,37.53124609,126.8361285
V02Q1940950,37.62280993,127.0749633
V02Q1940949,37.6303757,127.0226279
V02Q1940948,37.47007655,126.907223
V02Q1940935,37.5648,126.975981
V02Q1940947,37.4990258,126.9520123
V02Q1940946,37.534444,126.8347904
V02Q1940945,37.55524371,126.9069028
V02Q1940944,37.60504164,127.0754326
V02Q1940943,37.54850717,126.8646481
V02Q1940942,37.53246263,126.8330763
V02Q1940941,37.50908813,127.0840569
V02Q1940889,37.63994636,127.0360107
V02Q1940888,37.56307353,127.0819947
V02Q1940887,37.50274913,127.0925242
V02Q1940886,37.58243882,126.9821042
V02Q1940885,37.65989698,127.0685417
V02Q1940884,37.48739741,126.9271244
V02Q1940883,37.57646196,126.9655363
V02Q1940882,37.58489888,127.0940258
V02Q1940881,37.58027207,127.0030684
V02Q1940880,37.45237475,126.908304
V02Q1940879,37.60666796,127.0273181
V02Q1940878,37.52441417,126.9370134
V02Q1940877,37.60787019,126.9563725
V02Q1940876,37.54305082,126.8690922
V02Q1940875,37.57852949,127.009068
V02Q1940874,37.51933652,126.8500062
V02Q1940873,37.53247211,127.1143011
V02Q1940872,37.61059265,126.9329957
V02Q1940871,37.57114665,127.037106
V02Q1940870,37.53810274,127.0468807
V02Q1940869,37.52535041,126.837774
V02Q1940868,37.56051284,127.0528535
V02Q1940867,37.54502804,126.8646607
V02Q1940866,37.5580386,127.0296494
V02Q1940865,37.54645142,126.872103
V02Q1940864,37.52576762,126.8753744
V02Q1940863,37.51887605,126.8710894
V02Q1940862,37.48887854,126.8851157
V02Q1940861,37.50908951,126.8668465
V02Q1940860,37.5334424,127.0809633
V02Q1940859,37.59243151,126.9640906
V02Q1940858,37.48821616,126.8851381
V02Q1940857,37.58801836,126.9838569
V02Q1940856,37.5403991,127.0047736
V02Q1940855,37.52455321,126.8557892
V02Q1940854,37.5555906,126.905533
V02Q1940853,37.53521949,126.8398536
V02Q1940852,37.59374035,126.9497638
V02Q1940851,37.55039085,127.1282922
V02Q1940850,37.52497813,126.8974438
V02Q1940849,37.53555966,126.8328365
V02Q1940848,37.57769818,127.006748
V02Q1940847,37.48968349,127.1119082
V02Q1940846,37.63739638,127.0390037
V02Q1940845,37.48976406,127.1242858
V02Q1940844,37.57894032,127.0144864
V02Q1940843,37.57893651,126.9859126
V02Q1940842,37.55214248,127.0355848
V02Q1940841,37.57203734,127.0050414
V02Q1940840,37.58188025,126.9981525
V02Q1940839,37.57121882,126.9906086
V02Q1940838,37.51841537,127.0680591
V02Q1940837,37.58414084,126.9705631
V02Q1940836,37.52600465,126.9133532
V02Q1940835,37.52115715,126.86114
V02Q1940834,37.48098219,126.971649
V02Q1940833,37.57131077,126.8708252
V02Q1940832,37.51176831,127.1242095
V02Q1940831,37.56700001,127.1368127
V02Q1940830,37.52148869,126.9594472
V02Q1940829,37.53727135,126.9043173
V02Q1940828,37.56133205,127.0396888
V02Q1940827,37.58325045,127.005815
V02Q1940826,37.52038424,126.878025
V02Q1940825,37.53825651,127.1219514
V02Q1940824,37.58481256,126.8215868
V02Q1940823,37.63506161,127.0181629
V02Q1940822,37.57542384,126.9577806
V02Q1940821,37.50283277,127.1086949
V02Q1940820,37.51105423,127.1022618
V02Q1940819,37.50734426,127.1046886
V02Q1940818,37.57074131,127.0163741
V02Q1940817,37.5844799,126.9969232
V02Q1940816,37.51241208,126.9986828
V02Q1940815,37.52999155,127.0710049
V02Q1940814,37.51938461,126.8546681
V02Q1940813,37.55461778,126.895956
V02Q1940812,37.54983788,127.1104882
V02Q1940811,37.52727312,127.1162491
V02Q1940810,37.57367794,127.0132041
V02Q1940809,37.54364297,126.8813523
V02Q1940808,37.56874524,126.9687649
V02Q1940807,37.57311562,127.020059
V02Q1940806,37.54803199,126.8667974
V02Q1940805,37.51324732,126.8349248
V02Q1940804,37.51585417,126.8539517
V02Q1940803,37.52303768,126.8722936
V02Q1940802,37.60528332,126.9667378
V02Q1940801,37.51402198,126.8740014
V02Q1940800,37.51999286,127.1122492
V02Q1940799,37.6378168,127.038271
V02Q1940798,37.54503786,127.136812
V02Q1940797,37.59737666,126.9634322
V02Q1940796,37.57484815,127.0199828
V02Q1940795,37.5240969,126.8372588
V02Q1940794,37.54573201,126.8677706
V02Q1940793,37.49345737,127.146171
V02Q1940792,37.53842273,126.86453
V02Q1940791,37.49638178,127.1490194
V02Q1940790,37.51427828,127.112259
V02Q1940789,37.51755161,127.0479951
V02Q1940788,37.50954786,127.0741524
V02Q1940787,37.51295504,127.0946619
V02Q1940786,37.54210154,127.0496713
V02Q1940785,37.57614571,127.0288362
V02Q1940784,37.49824776,127.1262966
V02Q1940783,37.6396453,127.0380532
V02Q1940782,37.54467828,126.8351042
V02Q1940781,37.50615368,127.0847562
V02Q1940780,37.5646989,126.975981
V02Q1940779,37.54495873,127.0943048
V02Q1940778,37.52259074,126.8755481
V02Q1940777,37.45887058,126.9059122
V02Q1940776,37.5396843,126.8750264
V02Q1940775,37.50580146,127.1096638
V02Q1940774,37.53851648,126.878244
V02Q1940773,37.52856046,126.8591755
V02Q1940772,37.50363119,127.1035033
V02Q1940771,37.53513426,126.8835081
V02Q1940770,37.5498763,127.1294778
V02Q1940769,37.52786532,126.8557268
V02Q1940768,37.47825069,127.1392446
V02Q1940767,37.50260385,127.0923109
V02Q1940766,37.54565284,126.8631017
V02Q1940765,37.51073166,126.8705354
V02Q1940764,37.51530106,127.1340732
V02Q1940763,37.62659207,127.0346233
V02Q1940762,37.54024511,126.8644211
V02Q1940761,37.56405244,127.0444844
V02Q1940760,37.51760243,126.8469207
V02Q1940759,37.53664596,126.8830174
V02Q1940758,37.56011949,127.0316064
V02Q1940757,37.49672263,127.1428573
V02Q1940756,37.50007359,126.9324381
V02Q1940755,37.65885611,127.0685008
V02Q1940754,37.52165976,126.8426812
V02Q1940753,37.54936466,127.0266557
V02Q1940752,37.65416617,127.0292282
V02Q1940751,37.4984887,126.8895025
V02Q1940750,37.52197114,126.8359083
V02Q1940749,37.52524025,126.8422566
V02Q1940748,37.53736986,127.0508722
V02Q1940747,37.499726,126.9513962
V02Q1940746,37.6321897,127.021742
V02Q1940745,37.49410576,127.1414902
V02Q1940744,37.54475143,127.0531118
V02Q1940743,37.53641965,127.056427
V02Q1940742,37.50104027,127.1097395
V02Q1940741,37.53575061,126.8785737
V02Q1940740,37.52706161,126.8480605
V02Q1940739,37.54976209,127.0196088
V02Q1940738,37.55137214,127.0215542
V02Q1940737,37.60542622,126.9674449
V02Q1940736,37.50419493,127.1281877
V02Q1940735,37.56840651,127.0336607
V02Q1940734,37.5183379,127.1004663
V02Q1940733,37.54818971,127.0565978
V02Q1940732,37.52665506,126.8369618
V02Q1940731,37.51798916,126.9853183
V02Q1940730,37.43993479,126.9071726
V02Q1940729,37.51306228,126.8320835
V02Q1940728,37.54496287,126.9471
V02Q1940727,37.60504697,127.0762879
V02Q1940726,37.53901229,126.957917
V02Q1940725,37.47982135,126.9023653
V02Q1940724,37.49732201,127.0513158
V02Q1940723,37.55227897,126.9235272
V02Q1940722,37.55482867,126.9259661
V02Q1940721,37.58608068,127.0008483
V02Q1940720,37.57443226,127.0108889
V02Q1940719,37.57446434,126.9902439
V02Q1940718,37.57389927,127.0046582
V02Q1940717,37.48539023,127.1321718
V02Q1940716,37.57595297,126.9581816
V02Q1940715,37.51259339,126.8376519
V02Q1940714,37.51334541,127.1068182
V02Q1940713,37.51618536,127.1145406
V02Q1940712,37.64792279,127.011898
V02Q1940711,37.553799,126.9123651
V02Q1940710,37.57784312,127.0156288
V02Q1940709,37.56944521,127.0446016
V02Q1940708,37.51430062,127.0914778
V02Q1940707,37.51549527,126.8608799
V02Q1940706,37.50204913,127.1171108
V02Q1940705,37.52307169,126.848613
V02Q1940704,37.4632734,126.9180757
V02Q1940703,37.48063434,126.9145819
V02Q1940702,37.45335154,126.904031
V02Q1940701,37.47373839,126.9176609
V02Q1940700,37.54026182,126.9562101
V02Q1940699,37.44999331,126.9129044
V02Q1940698,37.53462672,127.0007359
V02Q1940697,37.58756924,126.8829428
V02Q1940696,37.56471491,126.9222725
V02Q1940695,37.57191655,126.9619818
V02Q1940694,37.48024081,126.9427081
V02Q1940693,37.45606838,126.9003178
V02Q1940692,37.49049222,126.9414301
V02Q1940691,37.46625325,126.9307404
V02Q1940690,37.44551467,126.9041242
V02Q1940689,37.48334526,126.9377988
V02Q1940688,37.56552044,126.9148609
V02Q1940687,37.58117314,127.0057341
V02Q1940686,37.54136163,126.9911287
V02Q1940685,37.47839602,126.9162619
V02Q1940684,37.54021108,126.9438638
V02Q1940683,37.46211823,126.9191588
V02Q1940682,37.46188726,126.9244554
V02Q1940681,37.47559625,126.9735982
V02Q1940680,37.48932572,126.928863
V02Q1940679,37.49521273,127.1214388
V02Q1940678,37.48258121,126.942046
V02Q1940677,37.48458746,126.9070348
V02Q1940676,37.4588853,126.9225194
V02Q1940675,37.47827679,126.9395729
V02Q1940674,37.47480843,126.9652601
V02Q1940673,37.4879962,126.9182374
V02Q1940672,37.48797466,126.9258106
V02Q1940671,37.46377035,126.9256905
V02Q1940670,37.53927918,127.0498732
V02Q1940669,37.4764274,126.9801351
V02Q1940668,37.5190207,126.9805697
V02Q1940667,37.49265835,126.9269739
V02Q1940666,37.47047152,126.9679543
V02Q1940665,37.64068341,127.0354904
V02Q1940664,37.52037062,126.9770268
V02Q1940663,37.47474727,126.9777859
V02Q1940662,37.47572644,126.9425353
V02Q1940661,37.55231328,126.9466013
V02Q1940660,37.48712943,126.923453
V02Q1940659,37.53774885,126.8278791
V02Q1940658,37.48355726,126.9256695
V02Q1940657,37.48976067,126.9478324
V02Q1940656,37.47351068,126.8921347
V02Q1940655,37.58005084,126.9851462
V02Q1940654,37.54304643,126.8836212
V02Q1940653,37.55310607,126.934626
V02Q1940652,37.48370843,126.9025203
V02Q1940651,37.54623974,126.9847901
V02Q1940650,37.54668774,126.9454005
V02Q1940649,37.57616826,126.9688622
V02Q1940648,37.53229458,126.9959865
V02Q1940647,37.54948025,126.958483
V02Q1940646,37.54767426,126.9113269
V02Q1940645,37.46153901,126.9302475
V02Q1940644,37.56119718,127.034603
V02Q1940643,37.54433165,126.9129634
V02Q1940642,37.56021552,127.0643391
V02Q1940641,37.44671934,126.9102337
V02Q1940640,37.5639051,126.9194904
V02Q1940639,37.54960389,127.0329741
V02Q1940638,37.5502932,126.9103908
V02Q1940637,37.52544703,126.9688458
V02Q1940636,37.55227266,127.0230202
V02Q1940635,37.56127599,126.9033309
V02Q1940634,37.55406743,126.9565258
V02Q1940633,37.47051139,126.9409596
V02Q1940632,37.56496432,127.0344748
V02Q1940631,37.55647074,126.9485265
V02Q1940630,37.52554041,126.9650708
V02Q1940629,37.55689472,126.9615926
V02Q1940628,37.56835683,127.0405289
V02Q1940627,37.55181934,127.0673796
V02Q1940626,37.55065466,126.9211923
V02Q1940625,37.49069882,126.9587047
V02Q1940624,37.55458164,126.9038541
V02Q1940623,37.56371986,127.039493
V02Q1940622,37.57048042,126.8965735
V02Q1940621,37.54674236,126.9142464
V02Q1940620,37.56519447,126.9035134
V02Q1940619,37.54618548,126.9561104
V02Q1940618,37.55713349,126.9544033
V02Q1940617,37.5419721,127.0163706
V02Q1940616,37.56044317,127.0308353
V02Q1940615,37.55783854,127.0241481
V02Q1940614,37.53754208,126.8717674
V02Q1940613,37.55578891,126.9059843
V02Q1940611,37.54552807,126.9147568
V02Q1940610,37.55614009,126.8965844
V02Q1940609,37.55627539,126.9122386
V02Q1940608,37.55668898,126.9859042
V02Q1940607,37.55887111,127.0385527
V02Q1940606,37.55445921,126.9376924
V02Q1940605,37.55443,126.9154401
V02Q1940604,37.56783722,126.9809414
V02Q1940603,37.56336834,127.0559644
V02Q1940602,37.55462362,126.980559
V02Q1940601,37.56026457,127.0480146
V02Q1940600,37.52444602,126.9568426
V02Q1940599,37.55740456,127.0166075
V02Q1940598,37.55172798,127.012144
V02Q1940597,37.55619503,126.9811609
V02Q1940596,37.55904631,126.9803118
V02Q1940595,37.53439873,126.95138
V02Q1940594,37.54923179,127.0538775
V02Q1940593,37.54694234,126.9302491
V02Q1940592,37.5705585,126.959673
V02Q1940591,37.47891044,126.9492525
V02Q1940590,37.56072357,127.0484251
V02Q1940589,37.47647508,126.9364676
V02Q1940588,37.55818867,127.0508266
V02Q1940587,37.54667133,127.0621397
V02Q1940586,37.55287788,126.9009012
V02Q1940585,37.55882313,126.946573
V02Q1940584,37.54995512,126.9780201
V02Q1940583,37.54520551,126.9233909
V02Q1940582,37.54889736,127.0309606
V02Q1940581,37.56142506,126.9016199
V02Q1940580,37.56672984,127.0510584
V02Q1940579,37.55962932,126.8976687
V02Q1940578,37.52637263,127.0028846
V02Q1940577,37.52364288,126.993654
V02Q1940576,37.57717666,126.896669
V02Q1940575,37.55582287,127.0323182
V02Q1940574,37.53718194,126.9656951
V02Q1940573,37.56839081,127.0054393
V02Q1940572,37.52111797,126.9717905
V02Q1940571,37.54650411,126.9752365
V02Q1940570,37.55435867,127.0080426
V02Q1940569,37.56942137,126.9167554
V02Q1940568,37.56285073,127.0132604
V02Q1940567,37.56805562,126.9965099
V02Q1940566,37.56723424,126.995185
V02Q1940565,37.54195012,127.0536124
V02Q1940564,37.56085957,127.0085631
V02Q1940563,37.56412983,127.0314397
V02Q1940562,37.56554217,126.9910351
V02Q1940561,37.48519319,126.918737
V02Q1940560,37.49247703,126.9563107
V02Q1940559,37.53293663,126.9912199
V02Q1940558,37.47970435,126.9474737
V02Q1940557,37.46927712,126.9316363
V02Q1940556,37.54024156,127.0546753
V02Q1940555,37.48547764,126.9474934
V02Q1940554,37.55728601,127.0091753
V02Q1940553,37.56082689,126.996001
V02Q1940552,37.47639433,126.9156696
V02Q1940551,37.56877486,126.9608834
V02Q1940550,37.48634806,126.9514941
V02Q1940549,37.47563756,126.9221587
V02Q1940548,37.49124583,126.930777
V02Q1940547,37.47779149,126.9552974
V02Q1940546,37.56444847,127.0221103
V02Q1940545,37.5463061,127.0436415
V02Q1940544,37.56163971,127.001153
V02Q1940543,37.59010207,126.9446623
V02Q1940542,37.53539263,126.9444368
V02Q1940541,37.56276898,126.9767645
V02Q1940540,37.56531098,126.9844918
V02Q1940539,37.57692043,127.0045137
V02Q1940538,37.48627768,126.936066
V02Q1940537,37.47564681,126.952494
V02Q1940536,37.56356092,126.9972196
V02Q1940535,37.55049329,126.9362759
V02Q1940534,37.55572217,126.9402897
V02Q1940533,37.48305759,126.9079688
V02Q1940532,37.47072788,126.9217951
V02Q1940531,37.55488942,126.9362371
V02Q1940530,37.54214419,127.0477518
V02Q1940529,37.5594009,127.0204385
V02Q1940528,37.55530763,126.9470009
V02Q1940527,37.56898584,127.0218832
V02Q1940526,37.54698492,127.0215794
V02Q1940525,37.54226566,126.9607602
V02Q1940524,37.55435463,126.9681312
V02Q1940523,37.52568799,126.9992422
V02Q1940522,37.57707481,127.0123665
V02Q1940521,37.5487627,126.925523
V02Q1940520,37.57822552,126.9232322
V02Q1940519,37.54719218,126.9344074
V02Q1940518,37.51508377,127.0138565
V02Q1940517,37.48248622,126.9264971
V02Q1940516,37.56506052,126.9543342
V02Q1940515,37.50174862,126.8507697
V02Q1940514,37.59197867,126.9517166
V02Q1940513,37.49417976,127.1549914
V02Q1940512,37.47556168,126.9348911
V02Q1940511,37.55265508,127.0290322
V02Q1940510,37.49267131,126.9452685
V02Q1940509,37.58674357,126.9473291
V02Q1940508,37.55818846,126.9643308
V02Q1940507,37.53127747,127.1232713
V02Q1940506,37.53508967,127.0932207
V02Q1940505,37.51723048,127.1438239
V02Q1940504,37.55905889,127.0289608
V02Q1940503,37.55401067,127.0688982
V02Q1940502,37.54081481,127.049564
V02Q1940501,37.55200342,127.0363244
V02Q1940500,37.56155266,127.0187487
V02Q1940499,37.57496003,126.9702723
V02Q1940498,37.56078213,126.9955455
V02Q1940497,37.5383121,126.9478368
V02Q1940496,37.53877565,127.0597607
V02Q1940495,37.46145538,126.8900188
V02Q1940494,37.58744695,126.9445206
V02Q1940493,37.48706543,126.9420381
V02Q1940492,37.52818658,126.8601068
V02Q1940491,37.568251,127.048139
V02Q1940490,37.545534,126.9410961
V02Q1940489,37.53077062,126.8645921
V02Q1940488,37.5821592,126.9394633
V02Q1940487,37.55886948,126.9590045
V02Q1940486,37.46670274,126.890697
V02Q1940485,37.59923312,126.9163873
V02Q1940484,37.46802677,126.9021912
V02Q1940483,37.46309492,126.9039678
V02Q1940482,37.55148976,127.1330982
V02Q1940481,37.52408281,126.8546531
V02Q1940480,37.53971711,126.8816875
V02Q1940479,37.46764732,126.9074964
V02Q1940478,37.53956346,127.1459335
V02Q1940477,37.6620208,127.0110858
V02Q1940476,37.59234803,126.9065632
V02Q1940475,37.61398913,126.9065555
V02Q1940474,37.46879478,126.8937982
V02Q1940473,37.55680966,127.0199202
V02Q1940472,37.51450508,126.8414257
V02Q1940471,37.56108668,126.8988012
V02Q1940470,37.57800993,126.9350323
V02Q1940469,37.51062672,126.8433947
V02Q1940468,37.48432967,126.9594576
V02Q1940467,37.56348852,126.9091021
V02Q1940466,37.56339663,126.9270326
V02Q1940465,37.46851957,126.9400472
V02Q1940464,37.52032974,126.835739
V02Q1940463,37.57993688,126.9075224
V02Q1940462,37.48937978,126.9223696
V02Q1940461,37.54354866,126.9300676
V02Q1940460,37.54888424,127.0425475
V02Q1940459,37.56451061,126.9116219
V02Q1940458,37.47642155,126.9577757
V02Q1940457,37.47319485,126.931912
V02Q1940456,37.54310205,126.9426921
V02Q1940455,37.54277585,126.881433
V02Q1940454,37.56101387,127.0590525
V02Q1940453,37.53263479,126.8714464
V02Q1940452,37.47889253,126.9444627
V02Q1940451,37.56349354,126.9061479
V02Q1940450,37.56548077,126.9177741
V02Q1940449,37.55579118,126.9059871
V02Q1940448,37.63075938,127.0235503
V02Q1940447,37.52427347,126.8314064
V02Q1940446,37.48043211,126.9532678
V02Q1940445,37.48039207,126.9323552
V02Q1940444,37.4886003,126.9326409
V02Q1940443,37.52068417,126.8738043
V02Q1940442,37.55753805,126.9029616
V02Q1940441,37.55837233,127.0376945
V02Q1940440,37.48169168,126.927561
V02Q1940439,37.55989095,126.9174751
V02Q1940438,37.56239638,126.9705198
V02Q1940437,37.55459762,127.1398279
V02Q1940436,37.56057566,126.9796444
V02Q1940435,37.58351322,126.8942569
V02Q1940434,37.53219906,127.1480905
V02Q1940433,37.49145971,127.0101664
V02Q1940432,37.48657654,126.9100534
V02Q1940431,37.63638945,127.0339636
V02Q1940430,37.5358158,127.1246859
V02Q1940429,37.64201094,127.0110328
V02Q1940428,37.47580636,126.8929078
V02Q1940427,37.49974349,127.0168013
V02Q1940426,37.56802912,126.9073195
V02Q1940425,37.486421,126.9330533
V02Q1940424,37.5101986,126.8589874
V02Q1940423,37.47660064,126.9826391
V02Q1940422,37.56757695,126.9464658
V02Q1940421,37.5630601,127.1784268
V02Q1940420,37.49921389,126.9312596
V02Q1940419,37.59570201,127.0241817
V02Q1940418,37.60987793,127.0175342
V02Q1940417,37.52595923,127.1324933
V02Q1940416,37.54776822,127.0863736
V02Q1940415,37.60394387,127.0357469
V02Q1940414,37.62596558,127.0461778
V02Q1940413,37.5246553,126.8444487
V02Q1940412,37.6002927,126.945827
V02Q1940411,37.53387824,127.091521
V02Q1940410,37.53321895,127.1417954
V02Q1940409,37.63809491,127.0237698
V02Q1940408,37.55738865,127.1300576
V02Q1940407,37.45844386,126.8950891
V02Q1940406,37.60939292,127.004355
V02Q1940405,37.46857802,126.8925761
V02Q1940404,37.65320724,127.0523294
V02Q1940403,37.53430907,127.0819856
V02Q1940402,37.49130895,127.0268046
V02Q1940401,37.61320381,127.0074603
V02Q1940400,37.48927413,127.0178868
V02Q1940399,37.49139149,127.0127403
V02Q1940398,37.46737119,127.0347894
V02Q1940397,37.48773341,126.9646505
V02Q1940396,37.48874836,127.0067934
V02Q1940395,37.5389107,126.829309
V02Q1940394,37.63213319,127.0380993
V02Q1940393,37.53348826,127.0730061
V02Q1940392,37.53828664,127.0923968
V02Q1940391,37.5286168,127.0851212
V02Q1940390,37.65472878,127.047743
V02Q1940389,37.49774248,126.9238296
V02Q1940388,37.6040284,127.009922
V02Q1940387,37.54005404,127.0709793
V02Q1940386,37.61589809,127.0341603
V02Q1940385,37.57780973,126.9052856
V02Q1940384,37.48591285,126.975187
V02Q1940383,37.53328566,127.0656475
V02Q1940382,37.48206626,126.969679
V02Q1940381,37.60160929,127.016721
V02Q1940380,37.47160463,127.0409436
V02Q1940379,37.61420241,127.0436659
V02Q1940378,37.63115555,127.016796
V02Q1940377,37.59483691,126.9245487
V02Q1940376,37.54530451,127.136675
V02Q1940375,37.49171276,126.9248262
V02Q1940374,37.46431817,126.8972355
V02Q1940373,37.58993857,126.9172919
V02Q1940372,37.55406687,127.1278126
V02Q1940371,37.54667759,127.1034537
V02Q1940370,37.61961313,126.9321312
V02Q1940369,37.47432254,126.9024197
V02Q1940368,37.48326071,127.0349794
V02Q1940367,37.55439478,127.0200998
V02Q1940364,37.5166462,126.8628645
V02Q1940363,37.58137532,126.9343273
V02Q1940362,37.60337797,127.0241721
V02Q1940361,37.59797947,127.0107858
V02Q1940360,37.5568473,127.151357
V02Q1940359,37.54651703,127.14731
V02Q1940358,37.63898356,126.9188614
V02Q1940357,37.50376595,126.9609584
V02Q1940356,37.50454947,126.9674184
V02Q1940355,37.56074258,127.1642891
V02Q1940354,37.5347172,127.1299797
V02Q1940353,37.54651241,127.1525938
V02Q1940352,37.55362615,127.168193
V02Q1940351,37.59105394,127.0030069
V02Q1940350,37.55481129,127.1501862
V02Q1940349,37.53976817,127.129658
V02Q1940348,37.46022502,127.0172225
V02Q1940347,37.58442752,126.9052244
V02Q1940346,37.53438349,126.8379965
V02Q1940345,37.64917094,127.0352845
V02Q1940344,37.60580033,127.0255563
V02Q1940343,37.6187081,126.9165915
V02Q1940342,37.64807136,127.0290801
V02Q1940341,37.60413569,126.9147653
V02Q1940340,37.6255552,127.027215
V02Q1940339,37.62346645,126.9169061
V02Q1940338,37.66090623,127.0234002
V02Q1940337,37.59890825,126.9203089
V02Q1940336,37.61179964,126.909853
V02Q1940335,37.60774203,127.0413403
V02Q1940334,37.66563906,127.0400687
V02Q1940333,37.6260814,126.9277105
V02Q1940332,37.59765044,126.9120209
V02Q1940331,37.65050658,127.0334227
V02Q1940330,37.62778821,127.0193507
V02Q1940329,37.68050607,127.0445926
V02Q1940328,37.6033482,127.0293756
V02Q1940327,37.54225653,127.0851136
V02Q1940326,37.61408672,126.919837
V02Q1940325,37.68923847,127.0418795
V02Q1940324,37.65153612,127.0306318
V02Q1940323,37.64925173,127.0461124
V02Q1940322,37.59917241,127.0360274
V02Q1940321,37.54946832,127.1463394
V02Q1940320,37.64976759,127.0198914
V02Q1940319,37.50119264,126.9369607
V02Q1940318,37.50809775,126.9375878
V02Q1940317,37.60263144,126.930629
V02Q1940316,37.50479368,126.9407833
V02Q1940315,37.48391615,127.0575965
V02Q1940314,37.61856124,127.0228038
V02Q1940313,37.48553586,127.0874273
V02Q1940312,37.52282125,126.8584353
V02Q1940311,37.60067531,127.0819374
V02Q1940310,37.47984859,126.9854018
V02Q1940309,37.49373877,127.0423742
V02Q1940308,37.49412567,126.9868537
V02Q1940307,37.58537699,127.0954532
V02Q1940306,37.54244851,127.1257054
V02Q1940305,37.55314962,127.0805438
V02Q1940304,37.50407253,126.9518255
V02Q1940303,37.68923181,127.0467349
V02Q1940302,37.5595092,126.9718932
V02Q1940301,37.48911821,126.9805704
V02Q1940300,37.64378512,127.0194517
V02Q1940299,37.62112754,127.083296
V02Q1940298,37.67452443,127.0615699
V02Q1940297,37.49295621,126.9757603
V02Q1940296,37.51196987,126.9263022
V02Q1940295,37.50871275,126.9251675
V02Q1940294,37.54816059,127.0896827
V02Q1940293,37.47640069,127.0484893
V02Q1940292,37.49084809,126.9819441
V02Q1940291,37.62131475,127.0695087
V02Q1940290,37.62054243,127.0624632
V02Q1940289,37.48749956,126.9682384
V02Q1940288,37.54395677,126.9341213
V02Q1940287,37.53139333,126.8300752
V02Q1940286,37.56216619,127.0266823
V02Q1940285,37.55472248,126.9103629
V02Q1940284,37.58968413,127.0129202
V02Q1940283,37.58060195,127.0230302
V02Q1940282,37.5124908,127.0058762
V02Q1940281,37.66109165,127.0590435
V02Q1940280,37.56197559,127.0850326
V02Q1940278,37.5124009,126.9425468
V02Q1940277,37.59114395,127.0942268
V02Q1940276,37.58553822,127.0235089
V02Q1940275,37.68242403,127.0526781
V02Q1940274,37.50540849,127.0135006
V02Q1940273,37.51751212,127.0371336
V02Q1940272,37.47883954,126.9612446
V02Q1940271,37.56477838,127.1780401
V02Q1940270,37.54728698,127.0467402
V02Q1940269,37.47174062,126.9331557
V02Q1940268,37.50661107,126.9924396
V02Q1940267,37.65264925,127.0782396
V02Q1940266,37.62510077,127.0734884
V02Q1940265,37.64068531,127.0354737
V02Q1940264,37.67118144,127.0451551
V02Q1940263,37.56087438,127.0627473
V02Q1940262,37.48342803,126.9494608
V02Q1940261,37.54980884,127.0497702
V02Q1940260,37.46485258,126.9398992
V02Q1940259,37.5339278,126.8637928
V02Q1940258,37.562998,127.0284354
V02Q1940257,37.6395639,127.0605673
V02Q1940256,37.54368812,126.8877377
V02Q1940255,37.58276656,127.086701
V02Q1940254,37.63240065,127.0509471
V02Q1940253,37.65390832,127.0112019
V02Q1940252,37.57581922,127.0861478
V02Q1940251,37.52266609,126.8829153
V02Q1940250,37.589051,127.0808924
V02Q1940249,37.48095824,127.0003298
V02Q1940248,37.60115106,127.1007979
V02Q1940247,37.46756391,126.9081023
V02Q1940246,37.49937086,127.0727253
V02Q1940245,37.6737242,127.0505972
V02Q1940244,37.53272746,126.8933322
V02Q1940243,37.59335302,127.0809757
V02Q1940242,37.63944037,127.0425843
V02Q1940241,37.59998915,127.0870729
V02Q1940240,37.53206064,126.8317217
V02Q1940239,37.49344719,127.0569613
V02Q1940238,37.66475398,127.0633657
V02Q1940237,37.60508772,127.0997189
V02Q1940236,37.4881537,127.0394136
V02Q1940235,37.61254656,127.0734148
V02Q1940234,37.65816471,127.0684542
V02Q1940233,37.61355404,127.0814964
V02Q1940232,37.58503293,126.9818759
V02Q1940231,37.59267959,127.0747779
V02Q1940226,37.61544877,127.0646091
V02Q1940225,37.58597736,127.0883832
V02Q1940224,37.498641,127.0363378
V02Q1940223,37.51804607,126.893018
V02Q1940222,37.51828647,126.9105648
V02Q1940221,37.51891213,126.9077054
V02Q1940220,37.44953803,126.9147027
V02Q1940219,37.51165157,126.8957295
V02Q1940218,37.60984943,127.076301
V02Q1940217,37.51352713,126.9259171
V02Q1940216,37.65197881,127.0640439
V02Q1940215,37.6269977,127.0791231
V02Q1940210,37.66088375,127.0788592
V02Q1940209,37.55902487,127.0901207
V02Q1940208,37.61059826,126.9313528
V02Q1940207,37.61707714,127.0152725
V02Q1940206,37.609442,127.0341014
V02Q1940205,37.65946582,127.0379952
V02Q1940204,37.54669635,127.0720365
V02Q1940203,37.66932206,127.0323156
V02Q1940202,37.56011938,127.0795379
V02Q1940201,37.4832649,127.0130872
V02Q1940200,37.56850197,127.0801045
V02Q1940199,37.52030939,126.9104414
V02Q1940198,37.50001275,126.9108075
V02Q1940197,37.50705874,126.9070917
V02Q1940196,37.50989238,126.9205341
V02Q1940195,37.57867312,127.0863244
V02Q1940194,37.48280186,126.9795311
V02Q1940193,37.5311064,126.8499429
V02Q1940192,37.52224273,127.0534516
V02Q1940191,37.58540801,127.0790205
V02Q1940190,37.49653097,126.9824168
V02Q1940189,37.54175046,126.8515917
V02Q1940188,37.50213873,126.9051679
V02Q1940187,37.55295757,126.85136
V02Q1940186,37.50914671,126.9109582
V02Q1940185,37.50965994,126.8961724
V02Q1940184,37.51419781,126.909457
V02Q1940183,37.64774288,127.0811226
V02Q1940182,37.53237894,126.8553371
V02Q1940181,37.52757708,126.843082
V02Q1940180,37.53803771,126.8628336
V02Q1940179,37.54386703,126.8476199
V02Q1940178,37.52105313,127.0194561
V02Q1940177,37.50227825,127.0539647
V02Q1940176,37.50618001,126.9214383
V02Q1940175,37.52778814,127.0467992
V02Q1940174,37.52416526,126.8870815
V02Q1940173,37.53400973,126.8610668
V02Q1940172,37.5740326,127.0893262
V02Q1940171,37.52413002,126.8986049
V02Q1940170,37.52173841,126.8966833
V02Q1940169,37.4965129,126.906686
V02Q1940168,37.51493903,126.8969879
V02Q1940167,37.54481973,126.8358435
V02Q1940166,37.55785223,126.849018
V02Q1940165,37.49689198,126.8437271
V02Q1940164,37.48858687,127.0679878
V02Q1940163,37.55938828,126.8098556
V02Q1940162,37.53059931,126.8405692
V02Q1940161,37.52634275,127.0374614
V02Q1940160,37.64791875,127.0124561
V02Q1940159,37.59769087,127.0728232
V02Q1940158,37.50280638,126.9904971
V02Q1940157,37.63164114,127.0674542
V02Q1940156,37.56667486,127.0455215
V02Q1940155,37.60595357,127.094129
V02Q1940154,37.64215881,127.0698698
V02Q1940153,37.67980645,127.0630595
V02Q1940152,37.50653959,127.0457279
V02Q1940151,37.67916022,127.0520828
V02Q1940150,37.6441667,127.0606867
V02Q1940149,37.48506055,127.044068
V02Q1940148,37.4999898,126.987037
V02Q1940147,37.61308658,127.0617154
V02Q1940146,37.66254305,127.0693112
V02Q1940145,37.51402419,127.0216812
V02Q1940144,37.48255634,126.9946044
V02Q1940143,37.60585332,127.0497384
V02Q1940142,37.55054502,127.1278725
V02Q1940141,37.49760629,127.0013841
V02Q1940140,37.50248471,126.8510405
V02Q1940139,37.64376606,126.9245654
V02Q1940138,37.55763712,126.9392536
V02Q1940137,37.62731949,127.0271506
V02Q1940136,37.48946749,126.8848394
V02Q1940135,37.69099122,127.0423735
V02Q1940134,37.55579789,127.0758197
V02Q1940133,37.53685591,126.8948496
V02Q1940132,37.64010401,127.0729861
V02Q1940131,37.59448521,127.0211958
V02Q1940130,37.56124878,126.8596643
V02Q1940129,37.49765571,127.0743987
V02Q1940128,37.67410962,127.0818401
V02Q1940127,37.53620112,126.9012217
V02Q1940126,37.57836214,126.8159088
V02Q1940125,37.56267922,126.8086245
V02Q1940124,37.55338226,126.8325758
V02Q1940123,37.49489912,127.0618427
V02Q1940122,37.58571599,127.0479117
V02Q1940121,37.49694974,126.8977171
V02Q1940120,37.57946643,127.0724464
V02Q1940119,37.57014257,127.072957
V02Q1940118,37.58238909,127.0314924
V02Q1940117,37.50853713,127.0871417
V02Q1940116,37.57554443,127.023874
V02Q1940115,37.59804281,127.0655573
V02Q1940114,37.56929679,126.8427325
V02Q1940113,37.55450397,126.8741754
V02Q1940112,37.55650451,127.0711935
V02Q1940111,37.50929949,126.8783801
V02Q1940110,37.51829065,126.9329653
V02Q1940109,37.59078005,127.0671123
V02Q1940108,37.60344403,127.0655316
V02Q1940107,37.62077412,127.0123532
V02Q1940106,37.57758084,127.0471936
V02Q1940105,37.57287575,126.8151904
V02Q1940104,37.55515562,126.858558
V02Q1940103,37.57904271,126.8184922
V02Q1940102,37.48083459,127.0809688
V02Q1940101,37.57335724,127.0325399
V02Q1940100,37.49497896,127.0931442
V02Q1940099,37.5905138,127.0569302
V02Q1940098,37.48676489,127.1018579
V02Q1940097,37.58522784,127.0655327
V02Q1940096,37.56298757,127.0595872
V02Q1940095,37.53291626,126.8683909
V02Q1940094,37.46682943,127.1088929
V02Q1940093,37.57784085,126.818892
V02Q1940092,37.57114055,127.0645218
V02Q1940091,37.656045,127.0437189
V02Q1940090,37.49167186,126.8231311
V02Q1940089,37.59192024,127.0546253
V02Q1940088,37.56782032,127.0525347
V02Q1940087,37.61570454,127.0588487
V02Q1940086,37.49775403,126.8633107
V02Q1940085,37.56833563,127.0658885
V02Q1940084,37.57837517,127.0624354
V02Q1940083,37.49137096,126.8607797
V02Q1940082,37.49550759,127.0857485
V02Q1940081,37.57132426,127.0510025
V02Q1940080,37.51310182,127.0458183
V02Q1940079,37.49410245,127.0822094
V02Q1940078,37.54254621,126.8403227
V02Q1940077,37.49095208,126.8965606
V02Q1940076,37.62202353,127.0774806
V02Q1940075,37.66738408,127.0534565
V02Q1940074,37.52031382,126.8969952
V02Q1940073,37.49382607,126.8840768
V02Q1940072,37.55183644,126.8458607
V02Q1940071,37.53623879,126.8242707
V02Q1940070,37.48683268,126.8237121
V02Q1940069,37.54980487,126.8702252
V02Q1940067,37.4543351,127.0618843
V02Q1940066,37.56721931,126.8475165
V02Q1940065,37.50568303,126.8586102
V02Q1940064,37.61107942,127.0555166
V02Q1940063,37.51606159,127.0618801
V02Q1940062,37.54882399,126.8434758
V02Q1940061,37.50527996,126.8746217
V02Q1940060,37.48339724,127.0862339
V02Q1940059,37.48952988,127.0753463
V02Q1940058,37.57977525,127.0620252
V02Q1940057,37.50526429,126.8451274
V02Q1940056,37.48743033,126.8385274
V02Q1940055,37.50111379,126.8923967
V02Q1940054,37.49049118,126.8553777
V02Q1940053,37.56504075,126.9788859
V02Q1940052,37.48718079,126.8896263
V02Q1940051,37.48455732,126.8537096
V02Q1940050,37.49954171,126.8507733
V02Q1940049,37.57668991,127.0362773
V02Q1940047,37.48214478,126.8893389
V02Q1940046,37.49440262,126.8314721
V02Q1940045,37.48958795,126.8764395
V02Q1940044,37.49183115,126.8891554
V02Q1940043,37.49002864,126.8835537
